Strain,FileBase
22687-1,22687-1_ACTTGA_L001
22747-06,22747-06_ATTACTCG-CAGGACGT_L008
23906-01,23906-01_GAGATTCC-AGGCGAAG_L008
23913-01,23913-01_ATTACTCG-AGGCGAAG_L008
23942-1,23942-1_TAGCTT_L001
24042-01,24042-01_GAGATTCC-CCTATCCT_L008
24216-01,24216-01_GAGATTCC-TAATCTTA_L008
24266-01,24266-01_CGCTCATT-TATAGCCT_L008
24266-03,24266-03_TCCGGAGA-GTACTGAC_L008
24266-05,24266-05_ATTACTCG-GGCTCTGA_L008
24266-06,24266-06_ATTACTCG-CCTATCCT_L008
24266-2,24266-2_GGCTAC_L001
24281-01,24281-01_ATTACTCG-ATAGAGGC_L008
24392-01,24392-01_GAGATTCC-GGCTCTGA_L008
24393-01,24393-01_ATTACTCG-TAATCTTA_L008
24395-01,24395-01_GAATTCGT-AGGCGAAG_L008
24411-01,24411-01_CGCTCATT-ATAGAGGC_L008
24414-01,24414-01_CGCTCATT-GTACTGAC_L008
24415-01,24415-01_CTGAAGCT-TATAGCCT_L008
24564-01,24564-01_CGCTCATT-CAGGACGT_L008
24746-01,24746-01_GAATTCGT-GTACTGAC_L008
24824-01,24824-01_CGCTCATT-GGCTCTGA_L008
24825-02,24825-02_GAATTCGT-GGCTCTGA_L008
24828-01,24828-01_CGCTCATT-TAATCTTA_L008
24852-01,24852-01_CGGCTATG-ATAGAGGC_L008
24874-01,24874-01_CGCTCATT-AGGCGAAG_L008
24878-01,24878-01_CGCTCATT-CCTATCCT_L008
24878-05,24878-05_GAATTCGT-CAGGACGT_L008
24878-06,24878-06_GAGATTCC-ATAGAGGC_L008
24878-07,24878-07_GAGATTCC-TATAGCCT_L008
24885-01,24885-01_CGGCTATG-CCTATCCT_L008
24894-01,24894-01_CTGAAGCT-CCTATCCT_L008
24900-01,24900-01_TAATGCGC-CAGGACGT_L008
26049-01,26049-01_CGGCTATG-CAGGACGT_L008
26330-02,26330-02_TCCGCGAA-GGCTCTGA_L008
26341-01,26341-01_CTGAAGCT-GTACTGAC_L008
26452-01,26452-01_CTGAAGCT-CAGGACGT_L008
26464-02,26464-02_TAATGCGC-TAATCTTA_L008
26464-03,26464-03_TAATGCGC-AGGCGAAG_L008
26464-04,26464-04_TCCGCGAA-CAGGACGT_L008
26464-05,26464-05_CGGCTATG-GGCTCTGA_L008
26464-08,26464-08_CGGCTATG-TATAGCCT_L008
26465-01,26465-01_TCCGCGAA-ATAGAGGC_L008
26480-01,26480-01_CTGAAGCT-ATAGAGGC_L008
26583-02,26583-02_CGGCTATG-TAATCTTA_L008
26609-01,26609-01_TCTCGCGC-GGCTCTGA_L001
26671-01,26671-01_CGGCTATG-GTACTGAC_L008
27236-01,27236-01_TCCGGAGA-CAGGACGT_L008
27239-01,27239-01_TCCGGAGA-GGCTCTGA_L008
27242-02,27242-02_ATTCAGAA-ATAGAGGC_L008
27242-03,27242-03_ATTCAGAA-TATAGCCT_L008
27242-04,27242-04_GAGATTCC-GTACTGAC_L008
27421-01,27421-01_ATTACTCG-GTACTGAC_L008
27422-01,27422-01_TCCGGAGA-TATAGCCT_L008
27466-01,27466-01_GAGATTCC-CAGGACGT_L008
44736-14,44736-14_CTGAAGCT-AGGCGAAG_L008
44736-31,44736-31_CTGAAGCT-TAATCTTA_L008
44736-41,44736-41_ATTCAGAA-GTACTGAC_L008
44736-42,44736-42_CTGAAGCT-GGCTCTGA_L008
44736-45,44736-45_TAATGCGC-GGCTCTGA_L008
44736-52,44736-52_ATTCAGAA-GGCTCTGA_L008
44736-65,44736-65_TCTCGCGC-TATAGCCT_L008
44736-75,44736-75_ATTCAGAA-AGGCGAAG_L008
44736-81,44736-81_CGGCTATG-AGGCGAAG_L008
44736-83,44736-83_TCCGCGAA-TATAGCCT_L008
44736-86,44736-86_TAATGCGC-ATAGAGGC_L008
44736-87,44736-87_TAATGCGC-TATAGCCT_L008
44736-88,44736-88_TCCGGAGA-CCTATCCT_L008
44736-89,44736-89_TCTCGCGC-ATAGAGGC_L008
44736-90,44736-90_ATTACTCG-TATAGCCT_L008
44736-93,44736-93_TCCGGAGA-ATAGAGGC_L008
44736-94,44736-94_TCCGCGAA-GTACTGAC_L008
44736-95,44736-95_TCCGGAGA-AGGCGAAG_L008
44781-25,44781-25_TAATGCGC-CCTATCCT_L008
44781-26,44781-26_TAATGCGC-GTACTGAC_L008
45692-2,45692-2_GTGGCC_L001
45707-81,45707-81_TCCGGAGA-TAATCTTA_L008
45707-82,45707-82_TCCGCGAA-TAATCTTA_L008
45707-83,45707-83_TCCGCGAA-AGGCGAAG_L008
CBS-102663,CBS-102663_ATTCAGAA-CCTATCCT_L008
CBS-122913,CBS-122913_ATCACG_L001
FL-871,FL-871_ATTCAGAA-TAATCTTA_L008
UAMH-10296,UAMH-10296_TTAGGC_L001
UAMH-10768,UAMH-10768_GAATTCGT-CCTATCCT_L008
UAMH-10949,UAMH-10949_ATTCAGAA-CAGGACGT_L008
UAMH-11295,UAMH-11295_GAATTCGT-TAATCTTA_L008
UAMH-11645,UAMH-11645_TCTCGCGC-CCTATCCT_L001
UAMH-6218,UAMH-6218_GAATTCGT-TATAGCCT_L008
UAMH-6642,UAMH-6642_TCCGCGAA-CCTATCCT_L008
UAMH-6688,UAMH-6688_GAATTCGT-ATAGAGGC_L008
UAMH-9985,UAMH-9985_GATCAG_L001
